[
{
  "model": "data_manager.theme",
  "pk": 3,
  "fields": {
    "display_name": "Community",
    "name": "Comm",
    "order": 10,
    "visible": true,
    "header_image": null,
    "header_attrib": null,
    "overview": "",
    "description": "",
    "thumbnail": null,
    "factsheet_thumb": null,
    "factsheet_link": null,
    "feature_image": null,
    "feature_excerpt": "",
    "feature_link": null,
    "site": [
      1
    ]
  }
},
{
  "model": "data_manager.theme",
  "pk": 4,
  "fields": {
    "display_name": "Education Justice",
    "name": "EdJu",
    "order": 20,
    "visible": true,
    "header_image": null,
    "header_attrib": null,
    "overview": "",
    "description": "",
    "thumbnail": null,
    "factsheet_thumb": null,
    "factsheet_link": null,
    "feature_image": null,
    "feature_excerpt": "",
    "feature_link": null,
    "site": [
      1
    ]
  }
},
{
  "model": "data_manager.theme",
  "pk": 5,
  "fields": {
    "display_name": "Housing Justice",
    "name": "HsJu",
    "order": 30,
    "visible": true,
    "header_image": null,
    "header_attrib": null,
    "overview": "",
    "description": "",
    "thumbnail": null,
    "factsheet_thumb": null,
    "factsheet_link": null,
    "feature_image": null,
    "feature_excerpt": "",
    "feature_link": null,
    "site": [
      1
    ]
  }
},
{
  "model": "data_manager.theme",
  "pk": 6,
  "fields": {
    "display_name": "Economic Justice",
    "name": "EcJu",
    "order": 40,
    "visible": true,
    "header_image": null,
    "header_attrib": null,
    "overview": "",
    "description": "",
    "thumbnail": null,
    "factsheet_thumb": null,
    "factsheet_link": null,
    "feature_image": null,
    "feature_excerpt": "",
    "feature_link": null,
    "site": [
      1
    ]
  }
},
{
  "model": "data_manager.theme",
  "pk": 7,
  "fields": {
    "display_name": "Criminal Justice",
    "name": "CrJu",
    "order": 50,
    "visible": true,
    "header_image": null,
    "header_attrib": null,
    "overview": "",
    "description": "",
    "thumbnail": null,
    "factsheet_thumb": null,
    "factsheet_link": null,
    "feature_image": null,
    "feature_excerpt": "",
    "feature_link": null,
    "site": [
      1
    ]
  }
},
{
  "model": "data_manager.theme",
  "pk": 8,
  "fields": {
    "display_name": "Health Justice",
    "name": "HeJu",
    "order": 60,
    "visible": true,
    "header_image": null,
    "header_attrib": null,
    "overview": "",
    "description": "",
    "thumbnail": null,
    "factsheet_thumb": null,
    "factsheet_link": null,
    "feature_image": null,
    "feature_excerpt": "",
    "feature_link": null,
    "site": [
      1
    ]
  }
},
{
  "model": "data_manager.theme",
  "pk": 9,
  "fields": {
    "display_name": "Political Power + Representation",
    "name": "PoPwRep",
    "order": 70,
    "visible": true,
    "header_image": null,
    "header_attrib": null,
    "overview": "",
    "description": "",
    "thumbnail": null,
    "factsheet_thumb": null,
    "factsheet_link": null,
    "feature_image": null,
    "feature_excerpt": "",
    "feature_link": null,
    "site": [
      1
    ]
  }
},
{
  "model": "data_manager.theme",
  "pk": 10,
  "fields": {
    "display_name": "Cultrually Specific Infrastructure",
    "name": "CuSpInf",
    "order": 80,
    "visible": true,
    "header_image": null,
    "header_attrib": null,
    "overview": "",
    "description": "",
    "thumbnail": null,
    "factsheet_thumb": null,
    "factsheet_link": null,
    "feature_image": null,
    "feature_excerpt": "",
    "feature_link": null,
    "site": [
      1
    ]
  }
},
{
  "model": "rea.themecontent",
  "pk": 1,
  "fields": {
    "theme": 3
  }
},
{
  "model": "rea.themecontent",
  "pk": 2,
  "fields": {
    "theme": 4
  }
},
{
  "model": "rea.themecontent",
  "pk": 3,
  "fields": {
    "theme": 5
  }
},
{
  "model": "rea.themecontent",
  "pk": 4,
  "fields": {
    "theme": 6
  }
},
{
  "model": "rea.themecontent",
  "pk": 5,
  "fields": {
    "theme": 7
  }
},
{
  "model": "rea.themecontent",
  "pk": 6,
  "fields": {
    "theme": 8
  }
},
{
  "model": "rea.themecontent",
  "pk": 7,
  "fields": {
    "theme": 9
  }
},
{
  "model": "rea.themecontent",
  "pk": 8,
  "fields": {
    "theme": 10
  }
},
{
  "model": "rea.topic",
  "pk": 1,
  "fields": {
    "name": "Places",
    "order": 1
  }
},
{
  "model": "rea.topic",
  "pk": 2,
  "fields": {
    "name": "Communities",
    "order": 2
  }
},
{
  "model": "rea.focus",
  "pk": 1,
  "fields": {
    "name": "Beaverton Area",
    "order": 1,
    "topic": 1
  }
},
{
  "model": "rea.focus",
  "pk": 2,
  "fields": {
    "name": "Cornelius-Forest Grove",
    "order": 2,
    "topic": 1
  }
},
{
  "model": "rea.focus",
  "pk": 3,
  "fields": {
    "name": "Hillsboro",
    "order": 3,
    "topic": 1
  }
},
{
  "model": "rea.focus",
  "pk": 4,
  "fields": {
    "name": "Tigard-Tualatin-Sherwood",
    "order": 4,
    "topic": 1
  }
},
{
  "model": "rea.focus",
  "pk": 5,
  "fields": {
    "name": "African",
    "order": 1,
    "topic": 2
  }
},
{
  "model": "rea.focus",
  "pk": 6,
  "fields": {
    "name": "African American",
    "order": 2,
    "topic": 2
  }
},
{
  "model": "rea.focus",
  "pk": 7,
  "fields": {
    "name": "Asian",
    "order": 3,
    "topic": 2
  }
},
{
  "model": "rea.focus",
  "pk": 8,
  "fields": {
    "name": "Latino",
    "order": 4,
    "topic": 2
  }
},
{
  "model": "rea.focus",
  "pk": 9,
  "fields": {
    "name": "Middle Eastern + North African",
    "order": 5,
    "topic": 2
  }
},
{
  "model": "rea.focus",
  "pk": 10,
  "fields": {
    "name": "Native American",
    "order": 6,
    "topic": 2
  }
},
{
  "model": "rea.focus",
  "pk": 11,
  "fields": {
    "name": "Native Hawaiian and Pacific Islander",
    "order": 7,
    "topic": 2
  }
},
{
  "model": "rea.focus",
  "pk": 12,
  "fields": {
    "name": "Slavic",
    "order": 8,
    "topic": 2
  }
},
{
  "model": "rea.content",
  "pk": 1,
  "fields": {
    "theme_content": 1,
    "focus": null,
    "content": "<h1>Community</h1>"
  }
},
{
  "model": "rea.content",
  "pk": 2,
  "fields": {
    "theme_content": 1,
    "focus": 1,
    "content": "<h1>Community: Beaverton Area</h1>"
  }
},
{
  "model": "rea.content",
  "pk": 3,
  "fields": {
    "theme_content": 2,
    "focus": null,
    "content": null
  }
},
{
  "model": "rea.content",
  "pk": 4,
  "fields": {
    "theme_content": 3,
    "focus": null,
    "content": null
  }
},
{
  "model": "rea.content",
  "pk": 5,
  "fields": {
    "theme_content": 4,
    "focus": null,
    "content": null
  }
},
{
  "model": "rea.content",
  "pk": 6,
  "fields": {
    "theme_content": 5,
    "focus": null,
    "content": null
  }
},
{
  "model": "rea.content",
  "pk": 7,
  "fields": {
    "theme_content": 6,
    "focus": null,
    "content": null
  }
},
{
  "model": "rea.content",
  "pk": 8,
  "fields": {
    "theme_content": 7,
    "focus": null,
    "content": null
  }
},
{
  "model": "rea.content",
  "pk": 9,
  "fields": {
    "theme_content": 8,
    "focus": null,
    "content": null
  }
},
{
  "model": "rea.content",
  "pk": 10,
  "fields": {
    "theme_content": 2,
    "focus": 1,
    "content": null
  }
},
{
  "model": "rea.content",
  "pk": 11,
  "fields": {
    "theme_content": 2,
    "focus": 2,
    "content": null
  }
},
{
  "model": "rea.content",
  "pk": 12,
  "fields": {
    "theme_content": 2,
    "focus": 3,
    "content": null
  }
},
{
  "model": "rea.content",
  "pk": 13,
  "fields": {
    "theme_content": 2,
    "focus": 4,
    "content": null
  }
},
{
  "model": "rea.content",
  "pk": 14,
  "fields": {
    "theme_content": 2,
    "focus": 5,
    "content": null
  }
},
{
  "model": "rea.content",
  "pk": 15,
  "fields": {
    "theme_content": 2,
    "focus": 6,
    "content": null
  }
},
{
  "model": "rea.content",
  "pk": 16,
  "fields": {
    "theme_content": 2,
    "focus": 7,
    "content": null
  }
},
{
  "model": "rea.content",
  "pk": 17,
  "fields": {
    "theme_content": 2,
    "focus": 8,
    "content": null
  }
},
{
  "model": "rea.content",
  "pk": 18,
  "fields": {
    "theme_content": 2,
    "focus": 9,
    "content": null
  }
},
{
  "model": "rea.content",
  "pk": 19,
  "fields": {
    "theme_content": 2,
    "focus": 10,
    "content": null
  }
},
{
  "model": "rea.content",
  "pk": 20,
  "fields": {
    "theme_content": 2,
    "focus": 11,
    "content": null
  }
},
{
  "model": "rea.content",
  "pk": 21,
  "fields": {
    "theme_content": 2,
    "focus": 12,
    "content": null
  }
},
{
  "model": "rea.content",
  "pk": 22,
  "fields": {
    "theme_content": 3,
    "focus": 1,
    "content": null
  }
},
{
  "model": "rea.content",
  "pk": 23,
  "fields": {
    "theme_content": 3,
    "focus": 2,
    "content": null
  }
},
{
  "model": "rea.content",
  "pk": 24,
  "fields": {
    "theme_content": 3,
    "focus": 3,
    "content": null
  }
},
{
  "model": "rea.content",
  "pk": 25,
  "fields": {
    "theme_content": 3,
    "focus": 4,
    "content": null
  }
},
{
  "model": "rea.content",
  "pk": 26,
  "fields": {
    "theme_content": 3,
    "focus": 5,
    "content": null
  }
},
{
  "model": "rea.content",
  "pk": 27,
  "fields": {
    "theme_content": 3,
    "focus": 6,
    "content": null
  }
},
{
  "model": "rea.content",
  "pk": 28,
  "fields": {
    "theme_content": 3,
    "focus": 7,
    "content": null
  }
},
{
  "model": "rea.content",
  "pk": 29,
  "fields": {
    "theme_content": 3,
    "focus": 8,
    "content": null
  }
},
{
  "model": "rea.content",
  "pk": 30,
  "fields": {
    "theme_content": 3,
    "focus": 9,
    "content": null
  }
},
{
  "model": "rea.content",
  "pk": 31,
  "fields": {
    "theme_content": 3,
    "focus": 10,
    "content": null
  }
},
{
  "model": "rea.content",
  "pk": 32,
  "fields": {
    "theme_content": 3,
    "focus": 11,
    "content": null
  }
},
{
  "model": "rea.content",
  "pk": 33,
  "fields": {
    "theme_content": 3,
    "focus": 12,
    "content": null
  }
},
{
  "model": "rea.content",
  "pk": 34,
  "fields": {
    "theme_content": 4,
    "focus": 1,
    "content": null
  }
},
{
  "model": "rea.content",
  "pk": 35,
  "fields": {
    "theme_content": 4,
    "focus": 2,
    "content": null
  }
},
{
  "model": "rea.content",
  "pk": 36,
  "fields": {
    "theme_content": 4,
    "focus": 3,
    "content": null
  }
},
{
  "model": "rea.content",
  "pk": 37,
  "fields": {
    "theme_content": 4,
    "focus": 4,
    "content": null
  }
},
{
  "model": "rea.content",
  "pk": 38,
  "fields": {
    "theme_content": 4,
    "focus": 5,
    "content": null
  }
},
{
  "model": "rea.content",
  "pk": 39,
  "fields": {
    "theme_content": 4,
    "focus": 6,
    "content": null
  }
},
{
  "model": "rea.content",
  "pk": 40,
  "fields": {
    "theme_content": 4,
    "focus": 7,
    "content": null
  }
},
{
  "model": "rea.content",
  "pk": 41,
  "fields": {
    "theme_content": 4,
    "focus": 8,
    "content": null
  }
},
{
  "model": "rea.content",
  "pk": 42,
  "fields": {
    "theme_content": 4,
    "focus": 9,
    "content": null
  }
},
{
  "model": "rea.content",
  "pk": 43,
  "fields": {
    "theme_content": 4,
    "focus": 10,
    "content": null
  }
},
{
  "model": "rea.content",
  "pk": 44,
  "fields": {
    "theme_content": 4,
    "focus": 11,
    "content": null
  }
},
{
  "model": "rea.content",
  "pk": 45,
  "fields": {
    "theme_content": 4,
    "focus": 12,
    "content": null
  }
},
{
  "model": "rea.content",
  "pk": 46,
  "fields": {
    "theme_content": 5,
    "focus": 1,
    "content": null
  }
},
{
  "model": "rea.content",
  "pk": 47,
  "fields": {
    "theme_content": 5,
    "focus": 2,
    "content": null
  }
},
{
  "model": "rea.content",
  "pk": 48,
  "fields": {
    "theme_content": 5,
    "focus": 3,
    "content": null
  }
},
{
  "model": "rea.content",
  "pk": 49,
  "fields": {
    "theme_content": 5,
    "focus": 4,
    "content": null
  }
},
{
  "model": "rea.content",
  "pk": 50,
  "fields": {
    "theme_content": 5,
    "focus": 5,
    "content": null
  }
},
{
  "model": "rea.content",
  "pk": 51,
  "fields": {
    "theme_content": 5,
    "focus": 6,
    "content": null
  }
},
{
  "model": "rea.content",
  "pk": 52,
  "fields": {
    "theme_content": 5,
    "focus": 7,
    "content": null
  }
},
{
  "model": "rea.content",
  "pk": 53,
  "fields": {
    "theme_content": 5,
    "focus": 8,
    "content": null
  }
},
{
  "model": "rea.content",
  "pk": 54,
  "fields": {
    "theme_content": 5,
    "focus": 9,
    "content": null
  }
},
{
  "model": "rea.content",
  "pk": 55,
  "fields": {
    "theme_content": 5,
    "focus": 10,
    "content": null
  }
},
{
  "model": "rea.content",
  "pk": 56,
  "fields": {
    "theme_content": 5,
    "focus": 11,
    "content": null
  }
},
{
  "model": "rea.content",
  "pk": 57,
  "fields": {
    "theme_content": 5,
    "focus": 12,
    "content": null
  }
},
{
  "model": "rea.content",
  "pk": 58,
  "fields": {
    "theme_content": 6,
    "focus": 1,
    "content": null
  }
},
{
  "model": "rea.content",
  "pk": 59,
  "fields": {
    "theme_content": 6,
    "focus": 2,
    "content": null
  }
},
{
  "model": "rea.content",
  "pk": 60,
  "fields": {
    "theme_content": 6,
    "focus": 3,
    "content": null
  }
},
{
  "model": "rea.content",
  "pk": 61,
  "fields": {
    "theme_content": 6,
    "focus": 4,
    "content": null
  }
},
{
  "model": "rea.content",
  "pk": 62,
  "fields": {
    "theme_content": 6,
    "focus": 5,
    "content": null
  }
},
{
  "model": "rea.content",
  "pk": 63,
  "fields": {
    "theme_content": 6,
    "focus": 6,
    "content": null
  }
},
{
  "model": "rea.content",
  "pk": 64,
  "fields": {
    "theme_content": 6,
    "focus": 7,
    "content": null
  }
},
{
  "model": "rea.content",
  "pk": 65,
  "fields": {
    "theme_content": 6,
    "focus": 8,
    "content": null
  }
},
{
  "model": "rea.content",
  "pk": 66,
  "fields": {
    "theme_content": 6,
    "focus": 9,
    "content": null
  }
},
{
  "model": "rea.content",
  "pk": 67,
  "fields": {
    "theme_content": 6,
    "focus": 10,
    "content": null
  }
},
{
  "model": "rea.content",
  "pk": 68,
  "fields": {
    "theme_content": 6,
    "focus": 11,
    "content": null
  }
},
{
  "model": "rea.content",
  "pk": 69,
  "fields": {
    "theme_content": 6,
    "focus": 12,
    "content": null
  }
},
{
  "model": "rea.content",
  "pk": 70,
  "fields": {
    "theme_content": 7,
    "focus": 1,
    "content": null
  }
},
{
  "model": "rea.content",
  "pk": 71,
  "fields": {
    "theme_content": 7,
    "focus": 2,
    "content": null
  }
},
{
  "model": "rea.content",
  "pk": 72,
  "fields": {
    "theme_content": 7,
    "focus": 3,
    "content": null
  }
},
{
  "model": "rea.content",
  "pk": 73,
  "fields": {
    "theme_content": 7,
    "focus": 4,
    "content": null
  }
},
{
  "model": "rea.content",
  "pk": 74,
  "fields": {
    "theme_content": 7,
    "focus": 5,
    "content": null
  }
},
{
  "model": "rea.content",
  "pk": 75,
  "fields": {
    "theme_content": 7,
    "focus": 6,
    "content": null
  }
},
{
  "model": "rea.content",
  "pk": 76,
  "fields": {
    "theme_content": 7,
    "focus": 7,
    "content": null
  }
},
{
  "model": "rea.content",
  "pk": 77,
  "fields": {
    "theme_content": 7,
    "focus": 8,
    "content": null
  }
},
{
  "model": "rea.content",
  "pk": 78,
  "fields": {
    "theme_content": 7,
    "focus": 9,
    "content": null
  }
},
{
  "model": "rea.content",
  "pk": 79,
  "fields": {
    "theme_content": 7,
    "focus": 10,
    "content": null
  }
},
{
  "model": "rea.content",
  "pk": 80,
  "fields": {
    "theme_content": 7,
    "focus": 11,
    "content": null
  }
},
{
  "model": "rea.content",
  "pk": 81,
  "fields": {
    "theme_content": 7,
    "focus": 12,
    "content": null
  }
},
{
  "model": "rea.content",
  "pk": 82,
  "fields": {
    "theme_content": 8,
    "focus": 1,
    "content": null
  }
},
{
  "model": "rea.content",
  "pk": 83,
  "fields": {
    "theme_content": 8,
    "focus": 2,
    "content": null
  }
},
{
  "model": "rea.content",
  "pk": 84,
  "fields": {
    "theme_content": 8,
    "focus": 3,
    "content": null
  }
},
{
  "model": "rea.content",
  "pk": 85,
  "fields": {
    "theme_content": 8,
    "focus": 4,
    "content": null
  }
},
{
  "model": "rea.content",
  "pk": 86,
  "fields": {
    "theme_content": 8,
    "focus": 5,
    "content": null
  }
},
{
  "model": "rea.content",
  "pk": 87,
  "fields": {
    "theme_content": 8,
    "focus": 6,
    "content": null
  }
},
{
  "model": "rea.content",
  "pk": 88,
  "fields": {
    "theme_content": 8,
    "focus": 7,
    "content": null
  }
},
{
  "model": "rea.content",
  "pk": 89,
  "fields": {
    "theme_content": 8,
    "focus": 8,
    "content": null
  }
},
{
  "model": "rea.content",
  "pk": 90,
  "fields": {
    "theme_content": 8,
    "focus": 9,
    "content": null
  }
},
{
  "model": "rea.content",
  "pk": 91,
  "fields": {
    "theme_content": 8,
    "focus": 10,
    "content": null
  }
},
{
  "model": "rea.content",
  "pk": 92,
  "fields": {
    "theme_content": 8,
    "focus": 11,
    "content": null
  }
},
{
  "model": "rea.content",
  "pk": 93,
  "fields": {
    "theme_content": 8,
    "focus": 12,
    "content": null
  }
},
{
  "model": "rea.content",
  "pk": 94,
  "fields": {
    "theme_content": 1,
    "focus": 2,
    "content": null
  }
},
{
  "model": "rea.content",
  "pk": 95,
  "fields": {
    "theme_content": 1,
    "focus": 3,
    "content": null
  }
},
{
  "model": "rea.content",
  "pk": 96,
  "fields": {
    "theme_content": 1,
    "focus": 4,
    "content": null
  }
},
{
  "model": "rea.content",
  "pk": 97,
  "fields": {
    "theme_content": 1,
    "focus": 5,
    "content": null
  }
},
{
  "model": "rea.content",
  "pk": 98,
  "fields": {
    "theme_content": 1,
    "focus": 6,
    "content": null
  }
},
{
  "model": "rea.content",
  "pk": 99,
  "fields": {
    "theme_content": 1,
    "focus": 7,
    "content": null
  }
},
{
  "model": "rea.content",
  "pk": 100,
  "fields": {
    "theme_content": 1,
    "focus": 8,
    "content": null
  }
},
{
  "model": "rea.content",
  "pk": 101,
  "fields": {
    "theme_content": 1,
    "focus": 9,
    "content": null
  }
},
{
  "model": "rea.content",
  "pk": 102,
  "fields": {
    "theme_content": 1,
    "focus": 10,
    "content": null
  }
},
{
  "model": "rea.content",
  "pk": 103,
  "fields": {
    "theme_content": 1,
    "focus": 11,
    "content": null
  }
},
{
  "model": "rea.content",
  "pk": 104,
  "fields": {
    "theme_content": 1,
    "focus": 12,
    "content": null
  }
}
]
